{
  "version": "1.0",
  "defaultProvider": "unpkg",
  "libraries": [
    {
      "provider": "unpkg",
      "library": "jquery@3.6.1",
      "destination": "lib/jquery/",
      "files": [
        "dist/jquery.js"
      ]
    },
    {
      "provider": "unpkg",
      "library": "bootstrap@4.6.2",
      "destination": "lib/bootstrap/",
      "files": [
        "dist/css/bootstrap.css",
        "dist/js/bootstrap.bundle.js"
      ]
    },
    {
      "provider": "unpkg",
      "library": "respondjs@0.3.0",
      "destination": "lib/respondjs/",
      "files": [
        "lib/respond.js"
      ]
    }

  ]
}